/*
SQLyog Ultimate v10.00 Beta1
MySQL - 5.5.54 : Database - thedog
*********************************************************************
*/

/*!40101 SET NAMES utf8 */;

/*!40101 SET SQL_MODE=''*/;

/*!40014 SET @OLD_UNIQUE_CHECKS=@@UNIQUE_CHECKS, UNIQUE_CHECKS=0 */;
/*!40014 SET @OLD_FOREIGN_KEY_CHECKS=@@FOREIGN_KEY_CHECKS, FOREIGN_KEY_CHECKS=0 */;
/*!40101 SET @OLD_SQL_MODE=@@SQL_MODE, SQL_MODE='NO_AUTO_VALUE_ON_ZERO' */;
/*!40111 SET @OLD_SQL_NOTES=@@SQL_NOTES, SQL_NOTES=0 */;
CREATE DATABASE /*!32312 IF NOT EXISTS*/`thedog` /*!40100 DEFAULT CHARACTER SET utf8 */;

USE `thedog`;

/*Table structure for table `expression` */

DROP TABLE IF EXISTS `expression`;

CREATE TABLE `expression` (
  `id` varchar(255) DEFAULT NULL,
  `name` varchar(255) DEFAULT NULL,
  `userid` varchar(255) DEFAULT NULL
) ENGINE=InnoDB DEFAULT CHARSET=utf8;

/*Data for the table `expression` */

insert  into `expression`(`id`,`name`,`userid`) values ('a73bc249-da8d-4325-9194-ad6f95bcead8','039725d1f4a2c88ad75f85418c18e7d5.jpeg','666730674112886510172951641200774003'),('1dc9d5be-cd85-4c6f-ab2d-798ded5096ad','efe1a2e0ada2905350cf3dba2b7dee59.gif','666730674112886510172951641200774003');

/*Table structure for table `friend` */

DROP TABLE IF EXISTS `friend`;

CREATE TABLE `friend` (
  `id` varchar(255) DEFAULT NULL,
  `userid` varchar(255) DEFAULT NULL,
  `friendid` varchar(255) DEFAULT NULL,
  `friends_time` varchar(255) DEFAULT NULL,
  KEY `friendid` (`userid`),
  KEY `fiend` (`friendid`),
  CONSTRAINT `fiend` FOREIGN KEY (`friendid`) REFERENCES `schemauser` (`userid`) ON DELETE CASCADE ON UPDATE CASCADE,
  CONSTRAINT `userid` FOREIGN KEY (`userid`) REFERENCES `schemauser` (`userid`) ON DELETE CASCADE ON UPDATE CASCADE
) ENGINE=InnoDB DEFAULT CHARSET=utf8;

/*Data for the table `friend` */

insert  into `friend`(`id`,`userid`,`friendid`,`friends_time`) values ('74502081186227801645073579555','666730674112886510172951641200774003','140000198202216326','1645073579555'),('959540951118467141645670210708','58996509519118467141645669663798','666730674112886510172951641200774003','1645670210708'),('7637094111744408008981646313541659','990000201105263908','990000198407092695','1646313541659');

/*Table structure for table `friendapplay` */

DROP TABLE IF EXISTS `friendapplay`;

CREATE TABLE `friendapplay` (
  `id` varchar(2555) DEFAULT NULL,
  `userid` varchar(255) DEFAULT NULL,
  `friendid` varchar(255) DEFAULT NULL,
  `friend_state` varchar(255) DEFAULT NULL,
  `create_tiem` varchar(255) DEFAULT NULL,
  `content` varchar(255) DEFAULT NULL,
  `ready` varchar(255) DEFAULT NULL,
  KEY `user` (`userid`),
  KEY `friend` (`friendid`),
  CONSTRAINT `friend` FOREIGN KEY (`friendId`) REFERENCES `schemauser` (`userid`) ON DELETE CASCADE ON UPDATE CASCADE,
  CONSTRAINT `user` FOREIGN KEY (`userId`) REFERENCES `schemauser` (`userid`) ON DELETE CASCADE ON UPDATE CASCADE
) ENGINE=InnoDB DEFAULT CHARSET=utf8;

/*Data for the table `friendapplay` */

insert  into `friendapplay`(`id`,`userid`,`friendid`,`friend_state`,`create_tiem`,`content`,`ready`) values ('14804081186227801645073407772','666730674112886510172951641200774003','140000198202216326','0','1645073407772','',NULL),('8340951118467141645670176267','58996509519118467141645669663798','666730674112886510172951641200774003','0','1645670176267','',NULL),('833093111744408008981646313276591','990000201105263908','990000198407092695','0','1646313276591','',NULL);

/*Table structure for table `group` */

DROP TABLE IF EXISTS `group`;

CREATE TABLE `group` (
  `userId` varchar(255) NOT NULL,
  `name` varchar(255) DEFAULT NULL,
  `imgurl` varchar(255) DEFAULT NULL,
  `tiem` varchar(255) DEFAULT NULL,
  `notice` varchar(255) DEFAULT NULL,
  PRIMARY KEY (`userId`),
  CONSTRAINT `user6` FOREIGN KEY (`userId`) REFERENCES `schemauser` (`userid`) ON DELETE CASCADE ON UPDATE CASCADE
) ENGINE=InnoDB DEFAULT CHARSET=utf8;

/*Data for the table `group` */

/*Table structure for table `groupmsg` */

DROP TABLE IF EXISTS `groupmsg`;

CREATE TABLE `groupmsg` (
  `groupId` varchar(255) DEFAULT NULL,
  `userId` varchar(255) DEFAULT NULL,
  `message` varchar(255) DEFAULT NULL,
  `types` varchar(255) DEFAULT NULL,
  `time` varchar(255) DEFAULT NULL,
  `state` varchar(255) DEFAULT NULL,
  KEY `user3` (`groupId`),
  CONSTRAINT `user3` FOREIGN KEY (`groupId`) REFERENCES `schemauser` (`userid`) ON DELETE CASCADE ON UPDATE CASCADE
) ENGINE=InnoDB DEFAULT CHARSET=utf8;

/*Data for the table `groupmsg` */

/*Table structure for table `groupuser` */

DROP TABLE IF EXISTS `groupuser`;

CREATE TABLE `groupuser` (
  `groupId` varchar(255) DEFAULT NULL,
  `userId` varchar(255) DEFAULT NULL,
  `name` varchar(255) DEFAULT NULL,
  `tip` int(11) DEFAULT NULL,
  `time` varchar(255) DEFAULT NULL,
  `shield` varchar(255) DEFAULT NULL,
  KEY `user5` (`groupId`),
  CONSTRAINT `user5` FOREIGN KEY (`groupId`) REFERENCES `schemauser` (`userid`) ON DELETE CASCADE ON UPDATE CASCADE
) ENGINE=InnoDB DEFAULT CHARSET=utf8;

/*Data for the table `groupuser` */

/*Table structure for table `msg` */

DROP TABLE IF EXISTS `msg`;

CREATE TABLE `msg` (
  `id` varchar(255) CHARACTER SET utf8 DEFAULT NULL,
  `userId` varchar(255) CHARACTER SET utf8 NOT NULL,
  `friendId` varchar(255) CHARACTER SET utf8 NOT NULL,
  `msg` mediumblob,
  `types` varchar(255) COLLATE utf8mb4_bin DEFAULT NULL,
  `send_tiem` varchar(255) CHARACTER SET utf8 DEFAULT NULL,
  `static` varchar(255) CHARACTER SET utf8 DEFAULT NULL
) ENGINE=InnoDB DEFAULT CHARSET=utf8mb4 COLLATE=utf8mb4_bin;

/*Data for the table `msg` */

insert  into `msg`(`id`,`userId`,`friendId`,`msg`,`types`,`send_tiem`,`static`) values ('82000020030213459X','140000198202216326','666730674112886510172951641200774003','回科计县八压等心周。','1','1645088810944','0'),('520000199107182581','666730674112886510172951641200774003','140000198202216326','织类式状参角。','1','1645088810945','1'),('820000200010207785','140000198202216326','666730674112886510172951641200774003','而明有样指些万。','1','1645089003623','0'),('71000019820618978X','666730674112886510172951641200774003','140000198202216326','年他办林人府好。','1','1645089003621','1'),('31000019950214130X','666730674112886510172951641200774003','140000198202216326','局断干存住己机么都。','1','1645089003625','1'),('230000198212182870','666730674112886510172951641200774003','140000198202216326','具系志格支。','1','1645089003624','1'),('530000201701276048','140000198202216326','666730674112886510172951641200774003','相没则构展状将压等。','1','1645089003628','0'),('530000201511270585','140000198202216326','666730674112886510172951641200774003','装位效了五合什。','1','1645089003626','0'),('210000200904306287','140000198202216326','666730674112886510172951641200774003','支及提温消号习转。','1','1645089003630','0'),('630000199412210396','666730674112886510172951641200774003','140000198202216326','便间红场往务公表常。','1','1645089003629','1'),('130000200907124040','666730674112886510172951641200774003','140000198202216326','光教阶形则立采。','1','1645089003633','1'),('430000199409047893','140000198202216326','666730674112886510172951641200774003','家面带完包处战马。','1','1645089003631','0'),('141909143110476546911645247797519','666730674112886510172951641200774003','140000198202216326','我也是测试看看','1','1645247797380','1'),('282878609143110476546911645247816422','140000198202216326','666730674112886510172951641200774003','测试框框','1','1645247816421','0'),('847509141147209701645252864069','140000198202216326','666730674112886510172951641200774003','😂','1','1645252864068','0'),('8887409141147209701645253132068','140000198202216326','666730674112886510172951641200774003','汉字测试','1','1645253132067','0'),('4006209152112705244791645254483843','140000198202216326','666730674112886510172951641200774003','😂','1','1645254483841','0'),('759540915211958455897121645254606484','666730674112886510172951641200774003','140000198202216326','😃','1','1645254606482','1'),('05351240915311958455897121645254629732','140000198202216326','666730674112886510172951641200774003','😂','1','1645254629732','0'),('010091531185933941011645254645964','140000198202216326','666730674112886510172951641200774003','😃😃😃','1','1645254645963','0'),('3474091531185933941011645254709003','666730674112886510172951641200774003','140000198202216326','😃😃😃😈','1','1645254709001','1'),('38104091531185933941011645254725860','140000198202216326','666730674112886510172951641200774003','😁😁😁','1','1645254725859','0'),('400786091531185933941011645254728422','140000198202216326','666730674112886510172951641200774003','😈😈','1','1645254728420','0'),('41772091531185933941011645254731250','140000198202216326','666730674112886510172951641200774003','😈😈😈😈','1','1645254731249','0'),('3389091511842754587831645259861449','666730674112886510172951641200774003','140000198202216326','😂','1','1645259861448','1'),('54441209164118901547022961645262280242','140000198202216326','666730674112886510172951641200774003','tet','1','1645262280241','0'),('36709164119177508340531645262350618','140000198202216326','666730674112886510172951641200774003','tesdt','1','1645262350617','0'),('474091651189372921241645262481886','140000198202216326','666730674112886510172951641200774003','tedt','1','1645262481881','0'),('52970916115688801645324767879','666730674112886510172951641200774003','140000198202216326','有','1','1645324767509','1'),('662180916115688801645324800366','140000198202216326','666730674112886510172951641200774003','hhha','1','1645324800364','0'),('30502092411851720293131645433823506','666730674112886510172951641200774003','140000198202216326','😂😂','1','1645433823895','1'),('3745809453113904582721645584568360','140000198202216326','666730674112886510172951641200774003','😂😂😂','1','1645584568358','0'),('7366909477118501207571645600129977','140000198202216326','666730674112886510172951641200774003','2','1','1645600129975','0'),('7442109477118501207571645600131505','140000198202216326','666730674112886510172951641200774003','3','1','1645600131503','0'),('76966609477118501207571645600135323','140000198202216326','666730674112886510172951641200774003','4','1','1645600135321','0'),('78786209477118501207571645600138482','140000198202216326','666730674112886510172951641200774003','5','1','1645600138480','0'),('798856809477118501207571645600140264','140000198202216326','666730674112886510172951641200774003','6','1','1645600140262','0'),('76622109477118501207571645600145073','140000198202216326','666730674112886510172951641200774003','8','1','1645600145071','0'),('87209479118501207571645601088914','666730674112886510172951641200774003','140000198202216326','2','1','1645601088697','1'),('7009489118501207571645608060989','140000198202216326','666730674112886510172951641200774003','2','1','1645608060987','0'),('1ad9c253-7027-442a-ade8-a4caa4e85c5e','140000198202216326','666730674112886510172951641200774003','{\"msg\":\"c5842562e21130bbd1821dc38ff92a03.mp4\",\"height\":\"720\",\"width\":\"1280\"}','3','1645669235832','0'),('9710951118467141645670210718','58996509519118467141645669663798','666730674112886510172951641200774003','你好啊！我叫schemauser11111','1','1645670210718','0'),('8550095421191777492413561645687348672','58996509519118467141645669663798','666730674112886510172951641200774003','测试','1','1645687348668','0'),('629095441191777492413561645688164153','58996509519118467141645669663798','666730674112886510172951641200774003','测试下空空空','1','1645688164150','0'),('800396409541180265694581645690774948','666730674112886510172951641200774003','58996509519118467141645669663798','😂','1','1645690774940','0'),('49730955119015061617451645698674650','666730674112886510172951641200774003','58996509519118467141645669663798','😀','1','1645698674599','0'),('4b86ac0a-6319-4f5a-bbf4-80dee29095e5','666730674112886510172951641200774003','140000198202216326','1f9e0a530906e561956969a6686ba3fa.gif','2','1645933178438','1'),('8796097971193197808991645943824886','666730674112886510172951641200774003','140000198202216326','{\"id\":\"18221128672486364776\",\"title\":\"南宁东站\",\"address\":\"广西壮族自治区南宁市青秀区凤岭北路北侧\",\"category\":\"基础设施:交通设施:火车站\",\"type\":0,\"location\":{\"lat\":22.841885,\"lng\":108.413974},\"adcode\":450103,\"province\":\"广西壮族自治区\",\"city\":\"南宁市\",\"district\":\"青秀区\"}','4','1645943824883','1'),('05514097971193197808991645943856430','666730674112886510172951641200774003','140000198202216326','{\"id\":\"10048754511456374641\",\"title\":\"南宁埌东汽车站\",\"address\":\"广西壮族自治区南宁市青秀区民族大道186号\",\"category\":\"基础设施:交通设施:长途汽车站\",\"type\":0,\"location\":{\"lat\":22.812030698,\"lng\":108.419279349},\"adcode\":450103,\"province\":\"广西壮族自治区\",\"city\":\"南宁市\",\"district\":\"青秀区\"}','4','1645943856426','1'),('15ada267-3637-4a67-9148-dc08d6abbd54','666730674112886510172951641200774003','140000198202216326','9308b3f0bbde8078a77c1771b32918bb.jpeg','2','1645943865436','1'),('a7415b18-b018-42eb-b2b3-7671e0dc5e90','666730674112886510172951641200774003','666730674112886510172951641200774003','{\"msg\":\"feee42f04946298b0c1c4fea614cc8b9.mp4\",\"height\":\"720\",\"width\":\"1280\"}','3','1645945632247','1'),('3063950989119831788401646095657317','666730674112886510172951641200774003','666730674112886510172951641200774003','😁','1','1646095657311','1'),('dc01056d-13d0-4fef-b23c-e04da0c5330b','666730674112886510172951641200774003','666730674112886510172951641200774003','989acdb4a0d1b149f451bb314b06f115.gif','2','1646095660271','1'),('843d101a-5855-4e6d-999d-c42f32e5ecd2','58996509519118467141645669663798','666730674112886510172951641200774003','61bd74f6e01bf71ac9de5258508043d0.jpeg','2','1646102298194','0'),('31245099011857680116471646104677509','58996509519118467141645669663798','666730674112886510172951641200774003','1]','1','1646104677506','0'),('56869099011857680116471646104740217','58996509519118467141645669663798','666730674112886510172951641200774003','21','1','1646104740214','0'),('793620991311857680116471646106945922','58996509519118467141645669663798','666730674112886510172951641200774003','q','1','1646106945919','0'),('0518f85b-36c5-4884-ab45-df765388c488','666730674112886510172951641200774003','58996509519118467141645669663798','55fb381ee3bfd4b3db1bff2e7de37239.gif','2','1646108632789','0'),('80730991711857680116471646108676707','58996509519118467141645669663798','666730674112886510172951641200774003','1','1','1646108676705','0'),('028099231186315948771646113631499','666730674112886510172951641200774003','666730674112886510172951641200774003','1','1','1646113631489','1'),('207099231186315948771646113669575','58996509519118467141645669663798','666730674112886510172951641200774003','1','1','1646113669572','0'),('58125099231186315948771646113773007','58996509519118467141645669663798','666730674112886510172951641200774003','1','1','1646113773004','0'),('683099231186315948771646113790371','666730674112886510172951641200774003','58996509519118467141645669663798','1','1','1646113790369','0'),('6633099231186315948771646113794667','666730674112886510172951641200774003','58996509519118467141645669663798','test','1','1646113794664','0'),('7299099231186315948771646113807353','666730674112886510172951641200774003','58996509519118467141645669663798','tet','1','1646113807350','0'),('19099251186315948771646114798906','58996509519118467141645669663798','666730674112886510172951641200774003','1','1','1646114798903','0'),('8880099511170075461646190436544','58996509519118467141645669663798','666730674112886510172951641200774003','1','1','1646190436536','0'),('3796099511170075461646190439414','58996509519118467141645669663798','666730674112886510172951641200774003','test','1','1646190439410','0'),('2151099611369595788511646190846833','666730674112886510172951641200774003','140000198202216326','{\"nation_code\":\"156\",\"adcode\":\"450110\",\"city_code\":\"156450100\",\"name\":\"中国,广西壮族自治区,南宁市,武鸣区\",\"location\":{\"lat\":23.15714,\"lng\":108.280758},\"nation\":\"中国\",\"province\":\"广西壮族自治区\",\"city\":\"南宁市\",\"district\":\"武鸣区\",\"address\":\"广西壮族自治区南宁市武鸣区东鸣路117号\"}','4','1646190846828','1'),('7755094111744408008981646313541669','990000201105263908','990000198407092695','你好啊！我叫泪痕','1','1646313541669','1');

/*Table structure for table `schemauser` */

DROP TABLE IF EXISTS `schemauser`;

CREATE TABLE `schemauser` (
  `userid` varchar(255) NOT NULL,
  `name` varchar(255) DEFAULT NULL,
  `account` varchar(255) DEFAULT NULL,
  `password` varchar(255) DEFAULT NULL,
  `email` varchar(255) DEFAULT NULL,
  `sex` varchar(255) DEFAULT '0',
  `birth` varchar(255) DEFAULT NULL,
  `phone` varchar(255) DEFAULT NULL,
  `register_tiem` varchar(255) DEFAULT NULL,
  `exp` varchar(255) DEFAULT NULL,
  `imgurl` varchar(255) DEFAULT 'user.png',
  `token` varchar(2555) DEFAULT NULL,
  PRIMARY KEY (`userid`)
) ENGINE=InnoDB DEFAULT CHARSET=utf8;

/*Data for the table `schemauser` */

insert  into `schemauser`(`userid`,`name`,`account`,`password`,`email`,`sex`,`birth`,`phone`,`register_tiem`,`exp`,`imgurl`,`token`) values ('110000197310301747','绿水','557403','$2a$10$6ayYC59SKsBiAhU/J3E5Qev9/rEPwazq3zrWaUaEhTxVwvAh19To.','qv@ogeKQf','2','1642766718656','18093377934','1642766718656','地展养身车斗低头照年存生深满。','5.jpeg',NULL),('11000019770308590X','绿水','19738','$2a$10$3RZg3ujo1nW/nQNFwPe2Peq9xNZqnxFmFNUhvPeGVAs4uQ6MuIZoW','1H2@hD','1','1642766763665','17285147751','1642766763665','商先属而干全东第社中新于元。','3.jpeg',NULL),('120000199012081767','泪痕','86798','$2a$10$w7QpOmAqSThV3s0X3Ez4j.4/wVFOAtUx77S9L195F2PVhqi51iOM2','bg@Lrk9H','2','1645088237463','14736265772','1645088237463','重增教着斗图小现口万不素别精面界。','5.jpeg',NULL),('130000198511094332','无忧','948495','$2a$10$eRDPa6Sx7tomNwdgLAOb9OzLtkmEhElMuI7WeRZ5p2aqOHZZSd8bi','1@54C','2','1642766781765','15183578557','1642766781765','走员可以种第低级复又回路求除手世。','5.jpeg',NULL),('130000198807211307','收拾往','24416','$2a$10$DTr457zM3qMYzveqVNCareyAgOkwuyn1vYRcGsE2RxTN.uE1kUw6q','4@eR','2','1642766845708','14043191415','1642766845708','天书正八军事先改群反问自火技。','3.jpeg',NULL),('130000201402014406','绿水','875656','$2a$10$Q2prz8oi0gFIYPi9X0ihjehSCPSmIKu40Sk3SZGnpqLO.9.qENotC','Mrv@vSV','2','1642766763665','19168653272','1642766763665','属又白内容再图政活争长确矿。','3.jpeg',NULL),('140000198202216326','泪痕','222538','$2a$10$SZzFZrV0mB0dx2KUhfoKCerbGImpwn96Yd8KfdV00MVqWQj56U2nu','9zpzo7u@UU','1','1645073224036','14283073527','1645073224036','快条共入实响指相济红育然此。','d5b603516b04e361cd82ef8e59660839.png','eyJhbGciOiJIUzI1NiIsInR5cCI6IkpXVCJ9.eyJpZCI6IjY2NjczMDY3NDExMjg4NjUxMDE3Mjk1MTY0MTIwMDc3NDAwMyIsImlhdCI6MTY0NjMwNDczMCwiZXhwIjoxNzMyNzA0NzMwfQ.Sj2rNFv7MpYzJs7HSPFKyst_C88-XnCChQLC-i6K_nY'),('150000197606246537','绿水','4227306','$2a$10$PPYzb0CV29H9ZBz7tnD5m.EYaj0YbyjiJaKhoXzdNWkuInUdtEM7S','yr@OI','1','1642766718656','15674628256','1642766718656','于被家二周选族记单结列算开引共。','6.jpeg',NULL),('150000198903244444','绿水','430343','$2a$10$byQT79nh5e78w6UPL/2aCebiQwZDNLMLfz/wf6sj1HGJw7e4d127y','3cdHB6p@dLWcu','1','1642766763665','13523885812','1642766763665','情三及支国任程重农把想己常院技。','4.jpeg',NULL),('150000199006261724','云朵上de歌','711445','$2a$10$7o7ZKtC5L/0sKy1XNdRime2bk8Dil6UXdMLW4WnTHdwYMntjEo7Ri','6Js8@Is','2','1642766860826','14311193212','1642766860826','机则容成三他低今线经等明运极。','1.jpg',NULL),('150000200108187858','收拾往事','5548036','$2a$10$dzL4v604fwXOjo5fETI9WeUBfGhFzS3GGtDTlko0FtWRWfn05nChW','1bOf@1','2','1642766817594','19151566688','1642766817594','切按六压度前周示金名气县。','4.jpeg',NULL),('150000201411266086','云朵上de歌','5933531','$2a$10$/A1HvDTFoe2EyTENutuo2O4IlJhjOxgeh0bf5XoLCCfKOeUbfHDZu','9Oi@XFjJM','2','1642766860826','18287640067','1642766860826','比电比五率有也济好你写便类。','8.jpeg',NULL),('210000198212281293','收拾往事','06434','$2a$10$Zkwky3WTvCMIKj2ppNIH2.ZQFRt2exzzZ.WLY8yrP9HiH.pAAvdbu','Wh@9BR','1','1642766817594','14937766527','1642766817594','拉知争开代一价听传道十较国。','5.jpeg',NULL),('210000199604089844','云朵上de歌','56116','$2a$10$X4g10H.k6ZPD.4wiO2M/A.6Ks7LDjGuuwlk6UM7wA25iZqd/5av2K','r0g@k','1','1642766860826','18492322211','1642766860826','强安更约布组建府专有老局于。','9.jpeg',NULL),('210000200309198146','绿水','71467','$2a$10$2kucBGEI0cpTCqc5UfjXSu7Ykmu2R0VcJHxWkIknSPVPLBWhsUwaq','8W8@qV5','2','1642766718656','16374502529','1642766718656','安象史律文团话流门制内个主花。','10.jpeg',NULL),('210000202004084497','无忧','6284463','$2a$10$A5QofsXARz.A6gcruBfUN.ZOYilTitYWlIFn1RUmpkrbIVU75Aavu','dkjsVw@516OB','2','1642766781765','17167251487','1642766781765','按化部现院花史把家会断领。','4.jpeg',NULL),('210000202107203970','往事','101115','$2a$10$5MFYvPnA90CpfXPhgyeheetTMjMYBMxW2Mk9rMjkIDgpFRJNf1/mW','2ku@H2r78','1','1642766826793','13438626686','1642766826793','米京包备给物反音进青使达满。','2.png',NULL),('220000201206248717','收拾往事','88643','$2a$10$Rk51PmgVWbiq0wkpEfX/n.DraEhmH7SSb6TziIXb8.GceJJ8R8ucy','FaAjmv@yl3','1','1642766817594','17472871651','1642766817594','维到变级不精油列土克也公规对花年。','3.jpeg',NULL),('220000202112155442','绿水无忧','64381','$2a$10$lrKqj5M9x7bLjfgJt0PoeuHASbMpo6Dl2kqTdxBZVesdYskJK/zzW','zW@UpNV','2','1642766768554','14035664555','1642766768554','即完分代质用根况效选其人料酸起究到。','4.jpeg',NULL),('2518071011264131602948561641705102921','可达鸭','123456','$2a$10$WBBIFjoYCUnobCAK/DIwyeQJcs9nVKy.em0/.FLKVxX81hU6GelsK','96451166@qq.com','0','946656000000',NULL,'1641705102921',NULL,'user.png',NULL),('310000197904036730','風逝去的泪痕','158655','$2a$10$dxapiRdZ5YmW0Spskuqcd.Dn6u5EWhoufNbRO9tcyOVzZbhbAbI1a','GvC@iDeL02g7','2','1642766868539','16202814128','1642766868539','识值信花作院时养周质近直区千如的条。','9.jpeg',NULL),('310000199005024612','绿水','6223166','$2a$10$pik6nHG.l91LNTJJAkWK2e8sUCChRkyudmGQS/uaHjLQ3NWow7CM.','qX68yQ@XxS','2','1642766763665','17888164173','1642766763665','白对住都厂数自图月前调强县列委资二。','4.jpeg',NULL),('310000201103028326','收拾往','623711','$2a$10$VxyzUnGe.Gd.gnrq6sQiDusiO.QDRCRNhqCKUk6B8upcLSn3.l0ca','Uwpmqfz@V1A','1','1642766845708','19312578941','1642766845708','交如斗山表受展离确开段题美。','4.jpeg',NULL),('320000199208171227','绿水','078363','$2a$10$i4rK0vd7m34A9LsrqO7N6OtBHILHq9QQdxTozuI8UgWoWhfVXzBM6','IyE2M@1S','2','1642766718656','15512463793','1642766718656','半位及极县切多节西量本县心平反对。','9.jpeg',NULL),('320000199901046395','绿水','34843','$2a$10$O.LXr3aFMaQGJuy5.8HkU.au3b90HvR7uWF0o1NRRzGyVjGCIpGrG','54@B','2','1642766763665','16294513211','1642766763665','使已的风采标值整道要五太决等元。','8.jpeg',NULL),('320000200804206276','绿水','0117766','$2a$10$JE999Om7GiZQiEQGS4txwuzO/kJVkRGueqxObfrCZCnO6LRgQ9vs6','c7u2o3@Ha','1','1642766718656','19759674765','1642766718656','生两属这两把层领治议率米品米。','6.jpeg',NULL),('320000201604237072','風逝去的泪痕','504678','$2a$10$IVAoj/LkxhpMURGJhAgeS.zKIX1TTFZCloEMWeC2mxaenAOKuXq0m','bU@4b5rG','1','1642766868539','13977277889','1642766868539','决志计价便常周规来造论调指便。','4.jpeg',NULL),('320000201802035818','收拾往事','22853','$2a$10$/DnssQlBwsrm1y8/0zjQMuAP2SdA5EOqPMK.WC/qU7soMVsog0QiW','jgs@evG7oM','1','1642766837903','18127215499','1642766837903','论在圆反争想制等属据还须回传白。','7.jpeg',NULL),('320000201901168253','往事','4737617','$2a$10$GiKUVY2yTNGsuWWCujgHpentOXcYSNxY4gfejbl6JsEvfaq/3PtlS','gj875m@D','2','1642766826793','15294166721','1642766826793','农声理府间己关边面党层如展行速指。','10.jpeg',NULL),('330000198702095669','无忧','33898','$2a$10$57DKxRUQtsLzkpC1c8.aKeZzpTFNHIZi0V2ebDg9L1vIhLICRHllm','3ot@0T6','1','1642766781765','16546080562','1642766781765','劳连感达条经展记是商去界。','6.jpeg',NULL),('330000201507013570','云朵上de歌','523564','$2a$10$YRNxufDUq57QGuPtVQiE9.vk3ismlAV6om./cPs0gdw8GBDbAhs86','x4TdomW@L8JY','2','1642766860826','13361375163','1642766860826','动支术阶断数使界化深理科参。','1.jpg',NULL),('34000019860325745X','泪痕','2856713','$2a$10$bgsRm3AVbRHuzZHFk.SLBO.MSjbrhTuX1lAN1chrbmwasFEiB5WpC','LO2on@GrxPL','1','1645073224036','16325251157','1645073224036','区成支无需次队治做根知族院。','5.jpeg',NULL),('340000199712197745','往事','5642097','$2a$10$k.81OQmu50vcl23.JokKDOaU.gt7nq6Exy9gTQxyLiE512/ZzMOXm','yLg@ZNQ8','1','1642766826793','15181714780','1642766826793','法你日件车级数用确效里儿叫广南传速为。','3.jpeg',NULL),('340000200002048433','收拾往','456113','$2a$10$0W6804ESi2.sxws1OpmTOuXql.5K2G/.RXgs3SRRJa0o1VdnKekeK','57@bXcW','2','1642766845708','14494145536','1642766845708','边十看维化声重书来指场老。','8.jpeg',NULL),('340000201812036973','无忧','52328','$2a$10$uInVOa8una/mlrDNebjENee0DGVSsF12TKuvU5MGf6AvXvqD7shea','xlt@Fd','2','1642766781765','17744418492','1642766781765','权京论日马它按日达定总为些时。','1.jpg',NULL),('350000198908152562','收拾往事','875926','$2a$10$sAptjkrJpWgM4NtPHAqYA.FetHqOd32Lw/04RiTlqpqrJqtNdnf4e','W4@PxUk','2','1642766837903','14373325664','1642766837903','将消方每果每重被论该平法小取内然都认。','5.jpeg',NULL),('350000199307033845','无忧','336441','$2a$10$qniHtf5WOGr3jxtHBSzYCOsXB8tf1Gq9KaxauGlunS44.U3zy846C','xjm8@mKi','2','1642766781765','17260128686','1642766781765','非养写动报之进加话阶西然一一。','6.jpeg',NULL),('350000201403088096','泪痕','56067','$2a$10$46kkMF4eefdRY1Ra.dblj.m3qSwMyvUVcCZHqSjqpjPtAwvnkQM/6','426ngu@5Cs','2','1645088237463','16336169390','1645088237463','教命还为少信战眼难各南别各象选参派。','8.jpeg',NULL),('360000197710238616','绿水无忧','789141','$2a$10$TDwemq6FPJTRkO4IJ.gG8.f3A8xcEpBJsAKPp7WatMPgaF.WeldE6','jlyps@DR6f','1','1642766768554','14627280002','1642766768554','议达由清史际程南开如层越为低约听长。','5.jpeg',NULL),('360000198108055213','绿水无忧','16723','$2a$10$e8PaUjJ9ot7g56fBzJ6mWOIB0WUZ8JR.wdjPB6UjwtRQevhUmaS4K','F@Hx','2','1642766768554','19521727534','1642766768554','此任市区却争切石加之酸制八然两律。','8.jpeg',NULL),('360000198406235511','收拾往','82614','$2a$10$jJtbjSeSX2L1SLNbQLKEHOASgr/jeR3IHA/qC.eI0jLF/d6tVPafe','7pv@46','1','1642766845708','19116590564','1642766845708','出入局非次格入条格中反义党个。','2.png',NULL),('360000200905217000','收拾往事','121419','$2a$10$1rmYcpWHvHSZ2.EJM5aqFObXDTN1U6tTOfgU0rF8p8uIVk5nQIgPm','4sq@tR','1','1642766837903','15629531644','1642766837903','示从前个明设派东手压西难当反少边。','9.jpeg',NULL),('370000200408297486','绿水','8142242','$2a$10$/N0ErT2HpWV5uCcsriqodOUX0fX8xy.WMYqjLX9ok2XlLSrLESXn.','x2aQ8@ULmgL2','1','1642766763665','18351463036','1642766763665','农器证容进进音状该就山安决际部。','5.jpeg',NULL),('370000201712100793','绿水无忧','75723','$2a$10$.0E3KGMhEYGWUfcxUYwoHu1HZaz9bzkCiWG2mOhsKSUIdeYtvvbvu','jlv@35IG','1','1642766768554','16547612128','1642766768554','效目门教两当带矿具格容酸提。','9.jpeg',NULL),('410000198504119498','云朵上de歌','895403','$2a$10$kLT08cDQEqoad8iALkSbC.kmHHEeofjjMHSFdq.LdwS5JXQw/I./W','XmY5@kU3','2','1642766860826','14867533521','1642766860826','战增例品等划第年油算队始。','4.jpeg',NULL),('41000020010314465X','泪痕','943633','$2a$10$YuUAxCmVCk1wkHSJTpF2teeIcEcHoN.ZXhs8FnNksKHnPa8E1Uh/W','OospY@TAON','1','1645073224036','14941708614','1645073224036','六由办安社派会可据变事圆青。','1.jpg',NULL),('410000200204098269','往事','812714','$2a$10$Rl.1EHXk7feSEU4.NfhgQ.EP0iYF/VbzyGlk.vXagVXbC9PEgTuJW','gkvyHl@nF','2','1642766826793','14667353929','1642766826793','强因须电步面使须真分之克装大取各生是。','1.jpg',NULL),('410000201311101616','收拾往事','31893','$2a$10$cCYbNLU97w/7hKETsAM2pupIINCvmgAZv/dPCSI8kvhL/ahLx0AH6','H4@R6','1','1642766817594','18394555153','1642766817594','细领例增什火算严业公事劳两土通还儿报。','2.png',NULL),('410000201601268473','云朵上de歌','168646','$2a$10$oT7yqw4uePXnzROKUs0UF.YeWLoBp44qvx7CIoCBrIsblKVTBJFRq','vc1D32@Ku','1','1642766860826','17663848864','1642766860826','风将号干海个王百争较条时自完。','8.jpeg',NULL),('420000197110217770','泪痕','22647','$2a$10$1hHET4EAjXDrlN6x2vgemum/HXcd.HcO2q8fwXda1T5VcLuS8hMHS','2jN@38rF','2','1645088237463','13236589293','1645088237463','展则省会王音问构海改空能年民开角。','2.png',NULL),('42000019881022604X','绿水','967437','$2a$10$raGof18Uy90AJOxtrBFyh.SecXOziR1btURhyz.TCbUPtTSBiJ2Mq','5@uTO','1','1642766763665','18683248658','1642766763665','或张如段门标史团今片于布必派高平。','9.jpeg',NULL),('420000199810082749','绿水','135054','$2a$10$hTt.D5/snsR9N5RUfIh3CuyagDa2.uApxyDXPBB.eFYOWsl1YPky2','xdf@Q','1','1642766718656','14217504751','1642766718656','在空发目准支求变千式克林住内感同前。','10.jpeg',NULL),('420000200104275012','云朵上de歌','23223','$2a$10$cbPW95AW/p4JrTLeWb3TAOOHS4Nw7fiwN7h19PCvxITnDnE6JD4Gi','Nu@XXZQ','1','1642766860826','17085362993','1642766860826','易共后亲究解规价知本龙按。','4.jpeg',NULL),('42000020021011479X','收拾往','287883','$2a$10$tH3ayEylk8g.phZcre.DGuqk4rwaLLV0C2EfAD7fN1iN3zh068vUi','rnxp4y1@J','1','1642766845708','14142369774','1642766845708','按清飞复向直水也如被此光正化习。','9.jpeg',NULL),('430000198911077671','風逝去的泪痕','07374','$2a$10$DrmIWCOHLmySMU9LdFq/O.fH7BBiDCdz/MsUhCGSpVkIqcee6cunW','4zJ@LRNT','1','1642766868539','17734847847','1642766868539','看感色理温了科先治了光称何别。','8.jpeg',NULL),('430000200809097764','泪痕','2442548','$2a$10$rbGQ3RCs6BJ.gXwiyVQkzOH6uSxzNgZpyLVYYgNJ4JNhHK0UybLiW','4sXa5@3MVD','2','1645088237463','17621338123','1645088237463','米专天金易多期率之空以活。','9.jpeg',NULL),('430000201110136883','绿水无忧','71828','$2a$10$YL5RuXgbA9YLA9CpQxdCUeqTzdeow3/I0WOb6UGS0M97TSDmRMBqi','J8ugm@CNQU6','1','1642766768554','13422930206','1642766768554','种民角油表对周见价争及段单整响算近。','5.jpeg',NULL),('430000201201164310','绿水无忧','4581179','$2a$10$bUyxc0WsFDg7Lo6SayMpBefuiGKvMEASE.2Kj7mODhOFzXx2qSiRC','o4@ES1wImB','2','1642766768554','18687164584','1642766768554','厂叫王该种结品候电照它教采将。','6.jpeg',NULL),('430000201802178574','收拾往事','829917','$2a$10$CFa5NyfiODCnmK6FRJfC6.DG7ZIF2HYe4RT9N45UIZ6UJqTWmDaMG','c@w2S7','1','1642766837903','17298311531','1642766837903','严儿正为它者如权空确离理军积全。','2.png',NULL),('440000198101192338','收拾往','1712281','$2a$10$9mdwiO8TjV5fjoH/06LomuiJsBatum9vUbklLWJvXkFoudI4jNRva','W@Lh','1','1642766845708','14286679028','1642766845708','术内平没认率政所也小她划广。','1.jpg',NULL),('440000199709233024','收拾往','22674','$2a$10$bHJk1hWjZMhvzgO4AA0j2ec3DLsXs5.FTC2NLFDFUhrv7FtsL1tX.','8Pw@M7kC','2','1642766845708','17672622126','1642766845708','花因证文这没经率素置八高位来。','5.jpeg',NULL),('440000199807046687','绿水','3874835','$2a$10$pdhGQ0M9xZu9Nl0z4uSbN.sbV66n1E40pVi9iDp6mfurD/fQz5s8y','CsrR@8I','2','1642766718656','18917346725','1642766718656','系美术文务律共便务改则派不当。','9.jpeg','eyJhbGciOiJIUzI1NiIsInR5cCI6IkpXVCJ9.eyJpZCI6IjQ0MDAwMDE5OTgwNzA0NjY4NyIsImlhdCI6MTY0MzgwNDA0NywiZXhwIjoxNzMwMjA0MDQ3fQ.LzoaRI76MG8Y9hONCtKk3mWEPDF4hGUWSJ8-0EZ-6aU'),('450000199211225088','收拾往','586592','$2a$10$ayYY49x8qCOI2c3n.FkOCu/FB/YW0vgFFUBWYssEys6seIZXed7US','905yy@V','2','1642766845708','14920461647','1642766845708','类例且儿义体自农技科心无万米变话有建。','9.jpeg',NULL),('450000199501078354','绿水无忧','893515','$2a$10$h6BrdcTUHisusEEW8HzgX.TBkVbcTHnPYey4IH17GeMtWBaW04bH2','33d@s96','2','1642766768554','17373935665','1642766768554','新快满张事细委出听断教已感断。','8.jpeg',NULL),('460000197802257930','往事','14879','$2a$10$o1b3kCL.l1ASGMDZwl.e..g8PBFPJWocVt/qPAVu.4wlduvJipO2a','ptJtgB@7H','2','1642766826793','14895127272','1642766826793','候今车越任作所类要级党比下。','7.jpeg',NULL),('460000198702050240','往事','026110','$2a$10$2Aa8OHquJhaHXcKAr4m8jOS6LmRrMs9zn.oixC7xIKVotjTsDiBwa','z8c@Cw','2','1642766826793','17849423761','1642766826793','照思矿这教党现况联半生离来她存什力。','4.jpeg',NULL),('460000199406211884','绿水','137414','$2a$10$Nqo0tlYw9TbvHvFBp2ygfeApkxaN9ZA6ek3UBQnxtVBWDW9XHX5aS','jC3@YpzLA','2','1642766718656','16549856322','1642766718656','回义有必反四状委历制段国。','6.jpeg',NULL),('46000020011008026X','收拾往事','5168673','$2a$10$28mXXx2LGOrr0L5QnVevKu9ByJ5g4n010PvchZjzBQJSv5axz.zOu','uMFfNy@YLWL','2','1642766837903','15551281055','1642766837903','养先知直照话政二打万明保北。','7.jpeg',NULL),('460000200701049483','風逝去的泪痕','97827','$2a$10$O.DIr/7K845KnEfZQ6ZGiu2H39aII1FmeucNXeTPs1nm7HaMZxTiy','XoJ@pTm','2','1642766868539','14284141572','1642766868539','律内们年圆史美名利主接住压济。','7.jpeg',NULL),('460000201001248363','无忧','228191','$2a$10$.MW.IR9y7LcHDNcg1ui7fuExmO8lBBfYKaxsE.WzaU.PhnAQc4oO2','BobcHB@CNufrT','1','1642766781765','15258878223','1642766781765','问历车支由题共动得属强装社义具。','9.jpeg',NULL),('460000201609078761','風逝去的泪痕','5640933','$2a$10$KNGSn4BuWWIaGVJXCH1ImODADjc8AA/LD1vtELCU2Pk9N4B/dDUni','7l6Em@7DQi0g','1','1642766868539','16235736987','1642766868539','八里二写回切务须际压组已广二长斗断向。','5.jpeg',NULL),('460000202002157214','收拾往事','8827396','$2a$10$VH.gjxV5aVMvWveEMf99nOMUneK4ObLlBnm7MeWqE/N00hMO89Z8O','lHK@Y','2','1642766817594','17608437983','1642766817594','市准书类只百白有声省队就子。','9.jpeg',NULL),('500000201805109222','无忧','647889','$2a$10$N1QJh9.QhxQUOuzF8WAkxe6Pg639f3/WbgKe1ptTJLMBmi5TpZd8u','F2qs7sL@Eq','1','1642766781765','18136136408','1642766781765','要都么机及强器克重度后火无五九。','10.jpeg',NULL),('510000197803237880','泪痕','045767','$2a$10$GB6a9/vx2ua4sBV8qW.7hu3O3rcj90iRul3K4A0rMpPT1lpxxBVIy','m6w2kn@T','1','1645088237463','18361132288','1645088237463','车提容道力并准增有分布须得战。','5.jpeg',NULL),('510000198704087789','收拾往','531214','$2a$10$YQVnB84Assr7/1ZzW6cZtOCsdw9QEzfypIvudNRaiuFI7TiWPYfQq','g6h5@bb1C','2','1642766845708','18456634212','1642766845708','热王完必引但样和油各步收。','10.jpeg',NULL),('51000019880516865X','无忧','4481102','$2a$10$DEfpKyIFIyxT.9WEuM5AZ.WPpYQQaO2aA9k4k4GpdDEID5ZywZbCC','8yc@njNF','2','1642766781765','13358441243','1642766781765','构革任已又连热查自象八速。','10.jpeg',NULL),('510000201307248619','云朵上de歌','15485','$2a$10$mHpHbiNiTKtEzgRPZJ3nnO/QDbgpzBuzfRETKwmD1mULpvA/DR2A6','26mtT@jSs','1','1642766860826','16303263232','1642766860826','层离极矿有色来不称力就太周过。','2.png',NULL),('510000201806125437','收拾往事','872523','$2a$10$B8j0iC.5SuYZHkA8axxZ2eER/KjiK8.X.ptJeRLPFaYjM0x8kjlBS','K0S3@jUT','2','1642766837903','18208011835','1642766837903','群论代或在家备在极见里里南。','6.jpeg',NULL),('51000020190807321X','绿水无忧','774023','$2a$10$H2XZ4uixYs50S7mieYT2XO9NPWkU3MGiQTZgYZQ.RSn2byyGwQrI2','Sk2J@r8A51','1','1642766768554','18346064454','1642766768554','根切志验子应军号更元门学标军江道。','6.jpeg',NULL),('520000201606096880','收拾往事','40518','$2a$10$JRk2kSgc2H0ObxhYZWS5..848tLyx.e47x5uRoltUQkFuBiSBMwzG','dlvR@L0T','2','1642766817594','13988972524','1642766817594','林约建半不文计果我导做压次加再候。','5.jpeg',NULL),('520000201912245741','泪痕','3611655','$2a$10$sl53KyM562bM695Zc.B13uH14SnaJ/rSIaCDV3l6p.WDA8vekExr.','6p@Fv','2','1645088237463','18383861724','1645088237463','也然它话马集周商儿斯听强。','2.png',NULL),('520000202010111175','云朵上de歌','785971','$2a$10$8GJ2fIwaILPmUjkBwCkiDeka3HAeMCksDKkQpgUGQ4jVSoqYr.gme','5QfBxf@UD2lC','2','1642766860826','18575591877','1642766860826','化证立发场世米清间工土每低但上现头。','9.jpeg',NULL),('530000197206011617','泪痕','238983','$2a$10$Q6HfE3HBMTzGk7GhlwKLwuenAF2LI4fiiOKh3yzgyuJ1RCsXNxWOy','r8iwEg@n1','2','1645073224036','14342333147','1645073224036','记社美实属通拉过内完达消。','1.jpg',NULL),('530000197604181355','无忧','63619','$2a$10$3CvRYj3Gb1LtvafSx6wTt.QwfvaGhz8X5R2aeZKW6cQAbcOs4aeyK','O6@4i','2','1642766781765','17584534772','1642766781765','难联议听算据代参感边声维政量实。','4.jpeg',NULL),('530000198707176772','往事','816541','$2a$10$mL6ZkJf/r25ktKoxH3I/GOrT9cwLMmnKa4q9SRugpsmYuiPEfrml.','So46@NPg','2','1642766826793','18535964472','1642766826793','八报积说度离装干集使志拉容命题史。','9.jpeg',NULL),('530000198905135736','收拾往事','640257','$2a$10$MocgT9.PZ/9yM8Tl3OUqBuHpOnbXoJtuOByFqChqUpme8mZbfQsdG','5fac4@1','1','1642766837903','14106102912','1642766837903','些取任导无月各构物此导反转。','2.png',NULL),('530000200010144527','風逝去的泪痕','51288','$2a$10$UMilf.gFy4pF2vuy/JhCOugfVhMXfexwUGIZH6dh1ighoMCA41F5.','M2d@5','2','1642766868539','15426103744','1642766868539','能着用千比但影山正其角利习引革称类小。','5.jpeg',NULL),('530000200312077665','泪痕','1701358','$2a$10$1j0aT5.cAZ1HtsKWvSyYNeKE5tBLM8GPXKFVEyt/5D.9G2X7.EkCe','OXq@O2B2','2','1645073224036','19404375384','1645073224036','特选如角派性无识写有政元包且界运。','7.jpeg',NULL),('530000201105063978','收拾往事','386894','$2a$10$zmIcj1X2ftH7rb.ikuBuVuO1td9VJkW6Vxa8K.GNDOT7dzmgiFgVK','UKVj@MU','2','1642766837903','18484886960','1642766837903','铁有员变年空提该现么其交给国效自。','2.png',NULL),('530000201110112885','无忧','8148907','$2a$10$l6MbOvLt0qw3Zdg3IeQa4eEoK2qUQZiEdezJc8kgYKmc5kFfgDDra','f7r@AS9LICT','2','1642766781765','18454914103','1642766781765','细类酸部器新识型料报众工求。','6.jpeg',NULL),('530000201405072331','绿水无忧','363238','$2a$10$wxS1BCqMc0bbipEOeZHwFuZc.WgNqYXO5ahtxyKe2iud.0XIuNJka','1u@Y','1','1642766768554','15902974837','1642766768554','八次型头起示来必半作此北使。','3.jpeg',NULL),('530000201407244635','收拾往事','365066','$2a$10$MS100MgunEPRvQkZbDPilOocvjmqNgqckFrRZo9xxrfa5/RzdMrHC','xCsv@wR3','2','1642766817594','19161353793','1642766817594','革点联想人然接次技型写规先族由程常。','8.jpeg',NULL),('58996509519118467141645669663798','schemauser11111','54321','$2a$10$vj.9WTIJluyl76ZCcmA4x.3w/p4g/odH1XNQoeDHeZQnxnkdpI2Ku','943781166@qq.com','0',NULL,NULL,'1645669663798',NULL,'81633788217c598e8e20ea1e47a5aa73.jpeg','eyJhbGciOiJIUzI1NiIsInR5cCI6IkpXVCJ9.eyJpZCI6IjU4OTk2NTA5NTE5MTE4NDY3MTQxNjQ1NjY5NjYzNzk4IiwiaWF0IjoxNjQ2MTkwODE4LCJleHAiOjE3MzI1OTA4MTh9.CnFBospsLYafoALGR4oLJqGBDIABt2REd5IZsK2rrqA'),('610000198308046145','往事','535293','$2a$10$GDwXkbuCLNL0wV.R13cSzu8Glf1TbBCHbRxxS4w8r39Otb5OqQa26','4h@giX1','2','1642766826793','17431332703','1642766826793','相指此程手导难花加积党利交化叫回。','6.jpeg',NULL),('610000200406213576','收拾往事','815234','$2a$10$pZqd8gPfpErLkzABN4QkjOhdMOZdC0UupsEEbaqH1B69IA1cSSsZa','UE3@3W9nnW','2','1642766817594','15664323594','1642766817594','管复水边支务类只约些那头。','8.jpeg',NULL),('610000201504064660','泪痕','6373607','$2a$10$H0KXAIPrCfUphg9B7dmc2efntHKUtntDGWPD6cedHe80slckp2NJu','1rxv2bn@K0','1','1645088237463','17326471635','1645088237463','史书干效少发变处科得认南少片素志标开。','6.jpeg',NULL),('620000198206016764','绿水','55064','$2a$10$AAcD4dFewiGnPvBT8W0xneFALNU21EJnRj4rVfl/utStY.TNBiam6','0x@l52','2','1642766763665','18512797935','1642766763665','务其说王集器真支政发基将转龙求品将。','7.jpeg',NULL),('620000200701046215','收拾往事','1120618','$2a$10$RIJmzGJuDc/qQwWxZH02jeUxbkKowjj/wbeJ98BKWa8TdvUWMnq8K','ZfA@0G9','1','1642766837903','19541932005','1642766837903','反风学技知资理级用他府建需发织江。','4.jpeg',NULL),('620000201810117224','風逝去的泪痕','8639456','$2a$10$K4HUiM7RX/nwJqlw/AUks.xBMkSBBBCW.XCVIXlN4v0pS9Ts7dJDK','kv@3HD','1','1642766868539','16835414971','1642766868539','群风计越存还史地断教领需表体影易真。','4.jpeg',NULL),('630000197511247961','往事','63258','$2a$10$f/pCY7s9RXunRXcAPS8qW.AOzx/tnQowz/2Es2tguP4vYV9FV/gEK','ifj5@mOua1ih','2','1642766826793','16638721480','1642766826793','听经厂做只团路张果商切向持采次效之手。','9.jpeg',NULL),('630000198009244858','绿水','767451','$2a$10$D0laXQmRj6tFerSsS8Stxe9y5nCCaKp6rAiVjEmMKjsFOMRDUahOm','Ht6f@IW','1','1642766718656','16978757444','1642766718656','主更究理水府满集片节复出律型油自少。','5.jpeg',NULL),('630000198804237841','泪痕','665768','$2a$10$a3j49BE0/8ulSUPgpuJ2BerZoZP5nm0Vop6FH/3PaVj/4TzQBKdzu','Uq4N@1kFZZ3','2','1645073224036','15623702266','1645073224036','具素影基劳节过场二党称科一图况前。','2.png',NULL),('6352751071011264131602948561641705426657','二哈','91645','$2a$10$K0RrDJgsCHZMj/E1JuB8wei7.uN4tWEX.CBscGNVFALtiZgiymcYW','916451166@qq.com','2','1041350400000',NULL,'1641705426657',NULL,'0f44ff98c4b0df36813af3ab48647ecf.png','eyJhbGciOiJIUzI1NiIsInR5cCI6IkpXVCJ9.eyJpZCI6IjYzNTI3NTEwNzEwMTEyNjQxMzE2MDI5NDg1NjE2NDE3MDU0MjY2NTciLCJpYXQiOjE2NDI2NjczMzAsImV4cCI6MTcyOTA2NzMzMH0.6oskWKD8POdglhngU8kwp9gyh36NVc1tp_kZCBJtfPg'),('64000019730506316X','泪痕','12878','$2a$10$Hiv4mr4VqzYgF8pxrBMSn.6KaEPQf5cwiTPKO55aajjU7YCy21BnC','je@ES','1','1645088237463','13275939926','1645088237463','对争么通就华声领压儿起查别利。','10.jpeg',NULL),('640000197305076497','往事','464281','$2a$10$CZOuUzBhc46sPP4RQPtDH.Kwj0TDit6YWOEWwGhIScNh7YWl9SADC','nnK@MXGj','2','1642766826793','14423304416','1642766826793','至们集化着整即压毛年布织而交。','3.jpeg',NULL),('64000019960613977X','風逝去的泪痕','5834049','$2a$10$sosUn323HPemJv.hY4ELAOWUOqwdIYzB1gwT3E3Zfs5RUXIAZNRO2','qvP@CRiFx','2','1642766868539','16828605528','1642766868539','个没放于热家向着资局造铁广。','2.png',NULL),('640000200508154744','泪痕','1505903','$2a$10$cnk/zLHsIe9GVLxlbPBL2eEN1AtsPyXq0/4Y3A1xC1xBlnWpkJc0i','8c3B@XyLKJ','1','1645073224036','15438436421','1645073224036','分走整意区命各清义论者号命指连相。','2.png',NULL),('640000200807273241','泪痕','93869','$2a$10$iR1KquWe6H3iHx16EELjX.mmM265uGjvnxaZi9Xw8msTTXxR7oE.m','nlE@KKVIS','1','1645088237463','19413256647','1645088237463','引许就又天何深情带数记种造常达革。','1.jpg',NULL),('650000197410093231','收拾往事','49264','$2a$10$srJdWAwuhyIzHD4zIFCx6uNqP3oh0E6XYcAdlQmCU00WOxa5H/GnG','p3x7Fk9@XDs','1','1642766817594','15119965474','1642766817594','还着处易样共例必会他光识它。','5.jpeg',NULL),('650000198105064199','绿水','67316','$2a$10$/ZlI4nm919/J5BabkhJrSeH./rbEnT.92mivvEr59uyt.qFS5u1Sa','l@45J','1','1642766763665','14666133516','1642766763665','公团于求体只候实平眼基必我须边持存。','2.png',NULL),('650000198412146442','收拾往事','41257','$2a$10$giajusj8O1FM8CFO9K4iCuCYgPafJtGCRMLe0lD40Mjb//8imExsm','pxd7@OA','1','1642766817594','14639716286','1642766817594','却六米先科表周持听学厂许。','8.jpeg',NULL),('650000200909156558','绿水','3087416','$2a$10$vB8RlIVv2/hLs3PpkL3XB.9/nMj4zELoSKAlaJsTtT1PXTRngFcJ.','bpo57@RUPD','1','1642766763665','15342446467','1642766763665','分两十教众机革加或安品可商书才。','2.png',NULL),('650000201505116132','風逝去的泪痕','422224','$2a$10$RKI2rlRPmj3FGGpEJYFsGuZyQZhK47AOLAiCt8BmeEg/pEKf5x5by','Ce@A','2','1642766868539','18760688112','1642766868539','共向传正等三身收图容青派办她。','3.jpeg',NULL),('650000201907160275','绿水无忧','958724','$2a$10$jgfFJZzwlvGP2k4OrJ9Fyen8BsvM8lFwy17kCUXT4IQjofbbt.dkm','nbqoU@O05T','2','1642766768554','15677160473','1642766768554','适议所到新化转族型人技中照部万量气并。','5.jpeg',NULL),('666730674112886510172951641200774003','今天天气真好i','12345','$2a$10$Ua81ElV8bCKw2w5UDAAWhu4JaYQr6XEmCRnxsG8xj0Hs/AOBkPBJu','916451166@qq.com','1','1646305693','15111111111','1641200774003','长风破浪会有时，直挂云帆济沧海','5a61bb9d4e738875bb6380f68486204c.png','eyJhbGciOiJIUzI1NiIsInR5cCI6IkpXVCJ9.eyJpZCI6IjY2NjczMDY3NDExMjg4NjUxMDE3Mjk1MTY0MTIwMDc3NDAwMyIsImlhdCI6MTY0NjMxNTkyMiwiZXhwIjoxNzMyNzE1OTIyfQ.TweG3wUH8dR1IcYhqAzcBcNgFRd-sVtB-E6gQ6BDlow'),('710000198607072590','云朵上de歌','811283','$2a$10$FIEiIIZnHAKZvhImEOGyDeG3GUwtkZBkHzpgm83uJR3oNGxc90tUu','5i@6L','2','1642766860826','18915537775','1642766860826','领易内国外转等名次米市各阶适。','2.png',NULL),('710000199304101539','收拾往事','60670','$2a$10$BnVcGXFtsv20ViTlElei.ODUZJkE6n7q8m9e69zADt8dn5sckREc2','1@MJGX','2','1642766837903','15567807564','1642766837903','长标王化按走往热那科增气问与。','2.png',NULL),('810000199705032558','绿水','536635','$2a$10$Qc9M4HvT2KjyXrIP6yoc9OGtxSFgolXgXdgox3KfvISHvh8.ebDOu','Oex8@vQ','1','1642766718656','19586936346','1642766718656','基看济话济日单计联都极打造反。','3.jpeg',NULL),('810000200904118448','風逝去的泪痕','6306015','$2a$10$SzDwCoHaip4yYGwJsC.SDeoNBxsGgJ2DWrN43UuEsRPEygzVyCxiu','t@yot','2','1642766868539','16748451498','1642766868539','流不到家县引速铁于现义影。','6.jpeg',NULL),('820000200706053665','泪痕','258807','$2a$10$GSx6Hl6BDitXobD4K8bweeTASNQVtxd7KrdkzEp4dZD3T625PvSK.','h@HmCQQ5','1','1645073224036','15323939576','1645073224036','整火就元己集及往都应道来业去。','2.png',NULL),('82000020130320374X','收拾往','52312','$2a$10$jpL.5ZTl22kvjzoEPS9g2uBc1ZXPVn6BqqHa3UlhF9XbCCuDqZMXq','Aw@lS','2','1642766845708','19235368648','1642766845708','高同要流因石直现之老从程市听和强力。','10.jpeg',NULL),('990000197605257601','泪痕','230770','$2a$10$LQs93W7Yg5JyaFymss9mSuOiLFVbl4eK3wmlGQbsbEBepnClDrcE2','P@B','1','1645073224036','19212546526','1645073224036','素干想习西万写面法听识立根给活进。','4.jpeg',NULL),('990000198407092695','泪痕','95051','$2a$10$NiKdx2YZZ..ebhYK5ChEP.vLH.LlYvG1GAsmlNe.ACwBHoozJmR4a','oq@RK8','2','1645088237463','14708455486','1645088237463','代图与红年能容光而龙近将群快装影型史。','1.jpg',NULL),('990000201105263908','泪痕','2173144','$2a$10$BrdCy5HfBN1c1ePg1jVqwu7enMIIpxsO5/49vswFjDxYmLd1Ay0s6','f1En@O7t','1','1645073224036','16653243151','1645073224036','基最政各指组话单按验题样七。','6.jpeg',NULL);

/*!40101 SET SQL_MODE=@OLD_SQL_MODE */;
/*!40014 SET FOREIGN_KEY_CHECKS=@OLD_FOREIGN_KEY_CHECKS */;
/*!40014 SET UNIQUE_CHECKS=@OLD_UNIQUE_CHECKS */;
/*!40111 SET SQL_NOTES=@OLD_SQL_NOTES */;
